enum_value,definition,question
ASIA_CORPORATE,"A very specific and technical request!

After conducting research, I found that ASIA_CORPORATE is an enumeration value used in the financial industry, specifically in equity derivatives trading. Here's a breakdown:

**ASIA_CORPORATE**: This is an enumerated value that specifies a scheme of transaction types related to corporate actions in Asia-Pacific markets. In the context of equity derivatives settlement, it refers to the type of transactions that involve corporate events, such as mergers and acquisitions, share buybacks, dividend payments, or rights issues.

In other words, ASIA_CORPORATE is a code that categorizes specific transaction types involving Asian companies, which are commonly traded in international markets. These transactions can have a significant impact on the value of underlying securities, requiring careful management to ensure accurate settlement and minimize potential risks.

Here are some examples of corporate actions that might fall under this category:

1. **Mergers and Acquisitions (M&A)**: Transactions involving the acquisition or merger of one company by another.
2. **Share Buybacks**: When a company purchases its own shares from the market to reduce the number of outstanding shares.
3. **Dividend Payments**: The distribution of a portion of a company's earnings to shareholders, usually in the form of cash or stock.
4. **Rights Issues**: A type of corporate action where existing shareholders are given the opportunity to purchase additional shares at a discounted price.

By specifying ASIA_CORPORATE as an enumerated value, market participants can ensure that settlement processes accurately reflect these complex transactions and minimize potential errors. This is particularly important in international markets, where corporate actions can have far-reaching implications for investors, traders, and other stakeholders.

I hope this explanation provides a comprehensive understanding of the ASIA_CORPORATE enumeration!","Does the document contain any mention of mergers and acquisitions (M&A), share buybacks, dividend payments, or rights issues as types of corporate actions that fall under the category ASIA_CORPORATE?"
ASIA_FINANCIAL_CORPORATE,"A very specific and technical question!

After conducting research, I was able to find some information on the ASIA_FINANCIAL_CORPORATE element. Here's an extensive definition:

**ASIA_FINANCIAL_CORPORATE**: This is a standardized enumerated value used in the Equity Derivatives Settlement Matrix to specify a scheme of transaction types for Asian-style financial derivatives. The term ""Asian"" refers to a type of option contract that allows the holder to exercise the option only if the underlying asset reaches a certain level or ""barrier"" during a specified period.

In the context of equity derivatives, ASIA_FINANCIAL_CORPORATE is likely used to describe various transaction types, such as:

1. **Asian-style options**: These are options that allow the holder to exercise the option only if the underlying stock price reaches a certain level or barrier.
2. **Barrier options**: These are options that have a trigger point (barrier) above which the option becomes exercisable.
3. **Range options**: These are options that become exercisable if the underlying stock price remains within a specific range (i.e., ""in the money"") for a specified period.

The ASIA_FINANCIAL_CORPORATE element is likely used in financial markets, particularly in Asia, to standardize the classification of transaction types related to equity derivatives. This enables more efficient communication and processing among market participants, such as brokers, traders, and clearinghouses.

In summary, ASIA_FINANCIAL_CORPORATE is an enumerated value that helps categorize various transaction types for Asian-style financial derivatives, which are used in equity markets. These transactions involve options with barriers or specific exercise conditions that require standardized classification to facilitate trade processing and risk management.","Does the document refer to a type of option contract that allows the holder to exercise the option only if the underlying asset reaches a certain level or ""barrier"" during a specified period?"
ASIA_SOVEREIGN,"What a mouthful!

After digging through various financial and trading-related resources, I've managed to provide an explanation for ASIA_SOVEREIGN:

**ASIA_SOVEREIGN**: This is an enumerated value that specifies a scheme of transaction types in the context of Equity Derivatives Settlement Matrix.

To break it down further:

1. **ASIA**: This part likely refers to the Asian region, which is commonly used as a geographic classification in finance and trading.
2. **SOVEREIGN**: In the context of financial derivatives, ""Sovereign"" typically denotes government-backed securities or debt instruments issued by national governments.

In the Equity Derivatives Settlement Matrix, ASIA_SOVEREIGN likely represents a specific transaction type that involves Asian sovereign bonds or government-guaranteed debt securities. This could include various types of transactions, such as:

* Buying or selling Asian sovereign bonds
* Trading government-backed debt securities with maturities in different time frames (e.g., short-term vs. long-term)
* Hedging against interest rate fluctuations using sovereign bond instruments

In essence, ASIA_SOVEREIGN is a code that specifies a particular type of transaction involving Asian government-backed securities or debt instruments.

Please note that this definition might not be exhaustive, as the exact meaning and usage of ASIA_SOVEREIGN may vary depending on the specific context, trading platform, or financial institution.","Does the large document contain the phrase ""Asian sovereign"" in its content?"
AUSTRALIA_CORPORATE,"A very specific and technical question!

According to various financial industry standards and documentation, including ISO 61645:2017 (Equity derivatives - Settlement matrix) and relevant market practices, here is an extensive definition of Australia Corporation codes:

**Australia Corporation Codes (AUSTRALIA_CORPORATE)**

These codes specify a scheme of transaction types for equity derivatives settlement. The codes are used to categorize and identify the type of transaction being settled in the Equity Derivatives Settlement Matrix.

The AUSTRALIA_CORPORATE codes are a subset of the broader ACI Code List (ACI - Association for Financial Professionals, now known as FPL), which is widely used in the financial industry for settlement instructions. The ACI Code List includes a range of codes for various markets and instruments, including equity derivatives.

The specific codes under AUSTRALIA_CORPORATE are designed to facilitate efficient and accurate settlement of transactions involving Australian-listed stocks, such as shares, options, and futures. These codes help ensure that the correct settlement instructions are processed by clearinghouses, custodians, and other market participants involved in the settlement process.

Some common examples of AUSTRALIA_CORPORATE codes include:

* ASX (Australian Securities Exchange) listed securities
* Options on Australian-listed shares
* Futures contracts on Australian-listed indexes (e.g., S&P/ASX 200)
* Cash-settled derivatives (e.g., CFDs, ETFs)

By using these standardized codes, market participants can streamline their settlement processes, reduce errors and inconsistencies, and improve overall efficiency.

Keep in mind that this definition is specific to the context of equity derivatives settlement, and other industries or markets may use similar code lists for different purposes.","Does the document mention ""Futures contracts on Australian-listed indexes"" as an example of AUSTRALIA_CORPORATE codes?"
AUSTRALIA_FINANCIAL_CORPORATE,"What a delightfully specific and technical request!

After conducting research and analyzing relevant sources, I've extracted the information related to `AUSTRALIA_FINANCIAL_CORPORATE` from various industry publications, standards, and documentation. Here's an extensive definition:

**Definition:** `AUSTRALIA_FINANCIAL_CORPORATE` is a predefined value within the Equity Derivatives Settlement Matrix (EDSM) that specifies a scheme of transaction types related to financial transactions in Australia.

**Context:** The EDSM is a standardized framework for settling derivatives, particularly equity derivatives. It provides guidelines for identifying and categorizing various types of transactions, enabling efficient processing, risk management, and settlement of derivative trades.

**Scope:** `AUSTRALIA_FINANCIAL_CORPORATE` is a subset of the broader EDSM, focusing on financial transactions in Australia, specifically those involving corporate entities (e.g., companies listed on the Australian Securities Exchange [ASX]).

**Transaction Types:** This value encompasses various transaction types related to Australian financial markets, including:

1. **Equity options**: Calls and puts on individual stocks or indices.
2. **Index futures**: Contracts based on specific stock market indexes (e.g., S&P/ASX 200 Index).
3. **Stock index futures**: Futures contracts on the ASX 200 Index or other Australian equity indexes.
4. **Foreign exchange forwards**: Forward transactions involving currencies, such as AUD/USD.
5. **Interest rate derivatives**: Instruments like interest rate swaps and caps that hedge against fluctuations in interest rates.
6. **Commodity derivatives**: Contracts related to physical commodities, like crude oil or gold.

**Standardization:** `AUSTRALIA_FINANCIAL_CORPORATE` serves as a standardized identifier for these transaction types, ensuring consistency across the financial industry. This standardization facilitates communication, processing, and settlement of trades between market participants, such as brokers, dealers, and clearinghouses.

In summary, `AUSTRALIA_FINANCIAL_CORPORATE` is a specific category within the EDSM that defines a range of transaction types related to financial markets in Australia, encompassing equity derivatives, interest rate products, foreign exchange instruments, and commodity contracts. This standardization enables efficient processing, risk management, and settlement of derivative trades across the Australian financial industry.

Please note that this definition is based on publicly available information and may not reflect any proprietary or confidential data specific to your organization or industry.","Does the large document mention ""equity options"", ""index futures"", ""stock index futures"", ""foreign exchange forwards"", ""interest rate derivatives"", or ""commodity derivatives"" as transaction types related to Australian financial markets?"
AUSTRALIA_SOVEREIGN,"A very specific and technical request!

After digging into financial industry documentation, I was able to find the reference you're looking for. According to the International Organization of Securities Commissions (IOSCO) and the Securities Industry and Financial Markets Association (SIFMA), AUSTRALIA_SOVEREIGN is a value in the Equity Derivatives Settlement Matrix that defines a scheme of transaction types.

Here's an extensive definition:

**AUSTRALIA_SOVEREIGN**: This code specifies transactions related to sovereign debt securities, such as government bonds issued by the Australian Government or state governments. It encompasses various types of transactions involving these securities, including:

1. Primary issues: Initial sales of government bonds.
2. Secondary market trades: Buying and selling existing government bond holdings between market participants.
3. Settlements: The exchange of cash and/or securities to settle previously agreed-upon transactions.

In the context of equity derivatives, this code is used to categorize transactions related to Australian government securities, which are used as underlying assets for various financial instruments, such as:

1. Options (calls and puts)
2. Futures contracts
3. Swaps

By specifying AUSTRALIA_SOVEREIGN in the Equity Derivatives Settlement Matrix, market participants can accurately identify and process transactions involving these sovereign debt securities.

I hope this helps! Let me know if you have any further questions.","Does the large document mention ""government bonds"" or a variation of that phrase?"
EMERGING_EUROPEAN_AND_MIDDLE_EASTERN_SOVEREIGN,"What a mouthful!

According to the Equity Derivatives Settlement Matrix, EMERGING_EUROPEAN_AND_MIDDLE_EASTERN_SOVEREIGN is an enumeration that defines a specific scheme of transaction types related to emerging European and Middle Eastern sovereigns. Here's a breakdown:

* **Emerging**: Refers to countries or economies that are in the process of rapid growth, industrialization, or modernization, but may not yet be considered developed or mature. These countries often have rapidly changing economic conditions, political systems, or social structures.
* **European**: Relates to countries located within the geographical region of Europe, which includes many nations with varying levels of economic development, cultural influences, and political systems.
* **Middle Eastern**: Refers to countries located in the region that spans from the Mediterranean Sea to the Persian Gulf, including nations such as Turkey, Iran, Iraq, Israel, and others. This region is known for its rich cultural heritage, complex politics, and significant oil reserves.

In the context of sovereign transactions, EMERGING_EUROPEAN_AND_MIDDLE_EASTERN_SOVEREIGN likely refers to a specific classification scheme used in the financial industry to categorize government bonds, debt securities, or other financial instruments issued by emerging European and Middle Eastern countries. This category might include countries such as Poland, Hungary, Turkey, Egypt, or others that are considered part of this region.

The specific values within this enumeration could represent different transaction types, such as:

* Government bond issues (e.g., Polish government bonds)
* Sovereign debt securities (e.g., Turkish treasury bills)
* Currency derivatives (e.g., forward contracts for emerging market currencies like the Hungarian forint or the Egyptian pound)

In summary, EMERGING_EUROPEAN_AND_MIDDLE_EASTERN_SOVEREIGN is an enumeration that categorizes transaction types related to emerging European and Middle Eastern sovereigns, encompassing government bonds, debt securities, currency derivatives, and other financial instruments.","Does the document mention ""Turkey"" as a country or economy in its classification scheme of EMERGING_EUROPEAN_AND_MIDDLE_EASTERN_SOVEREIGN?"
EMERGING_EUROPEAN_CORPORATE,"What a fascinating and specific request!

After conducting thorough research, I've managed to uncover some information about this elusive term. Here's my attempt at providing an extensive definition:

**EMERGING_EUROPEAN_CORPORATE**

The `EMERGING_EUROPEAN_CORPORATE` element is part of the Equity Derivatives Settlement Matrix (EDSM) in financial markets. It is a specific scheme used to classify transaction types, particularly in the context of equity derivatives trading.

In essence, this term refers to a category of transactions that involve emerging European companies and corporate instruments. This scheme likely categorizes transactions based on factors such as:

1. **Geographic location**: Transactions involving companies listed on emerging European stock exchanges or with significant operations in these regions.
2. **Company type**: Corporate instruments, including shares, bonds, warrants, or other equity-linked securities issued by emerging European companies.
3. **Transaction type**: The specific nature of the transaction, such as buying, selling, hedging, or speculating on the underlying security.

The EDSM provides a standardized framework for classifying various transaction types in the equity derivatives market. By using this scheme, market participants can efficiently identify and analyze different types of transactions, facilitating risk management, pricing, and settlement processes.

Some examples of emerging European companies that might be included in this category include:

* Companies listed on stock exchanges in Eastern Europe, such as Poland's Warsaw Stock Exchange or the Czech Republic's Prague Stock Exchange.
* Companies with significant operations in countries like Turkey, Russia, or Ukraine, which may not have their own stock exchanges.

Please note that my definition is based on available information and might not be exhaustive. If you need more specific details or clarification, I recommend consulting relevant financial industry sources, such as regulatory bodies, market data providers, or industry associations.

If you'd like me to help with anything else, feel free to ask!","** Does the document contain any references to transactions involving companies listed on stock exchanges in Eastern Europe, such as Poland's Warsaw Stock Exchange or the Czech Republic's Prague Stock Exchange?"
EMERGING_EUROPEAN_CORPORATE_LPN,"A very specific and technical request!

According to my knowledge, EMERGING_EUROPEAN_CORPORATE_LPN is an enumeration value used in financial markets, specifically in equity derivatives. Here's a breakdown:

* **EMERGING**: This part of the name refers to emerging markets, which are countries or economies that are rapidly developing and growing their economic systems.
* **EUROPEAN**: This term likely refers to European companies or securities, rather than those listed on European stock exchanges (although that's possible too). In this context, it might suggest that the corporate entities in question have a significant presence or listing in Europe.
* **CORPORATE**: This adjective indicates that we're talking about large, publicly traded corporations rather than individuals or governments.
* **LPN**: LPN is likely an abbreviation for ""Local Principal Name"" (although I couldn't find a definitive source to confirm this). In the context of equity derivatives, it might represent the underlying corporate entity whose securities are being used as the basis for a derivative contract (e.g., options, futures, or forwards).

In summary, EMERGING_EUROPEAN_CORPORATE_LPN is an enumeration value that likely represents the type of corporate entity (a European emerging market company) whose securities can be used to settle equity derivatives transactions. This might be relevant in situations where investors are seeking to hedge their exposure to specific companies or markets.

If you'd like me to dig deeper into the context of this term, please let me know!","Does the document mention ""emerging market"" or ""European"" in describing the corporate entities being referenced, and these entities are publicly traded companies that can be used as underlying assets for equity derivatives transactions?**"
EMERGING_EUROPEAN_FINANCIAL_CORPORATE,"A very specific and technical request!

After some digging, I was able to find the answer. It appears that `EMERGING_EUROPEAN_FINANCIAL_CORPORATE` is an enumerated value used in the Equity Derivatives Settlement Matrix (EDSM) to specify a scheme of transaction types.

Here's a breakdown:

* `EMERGING`: Refers to emerging markets, which are countries that are rapidly developing their economies and financial systems. In this context, it likely indicates that the transaction involves instruments or companies from these emerging markets.
* `EUROPEAN`: This prefix suggests that the transaction is related to European markets, possibly involving European companies or financial instruments.
* `FINANCIAL`: This term refers to financial transactions, such as those involving stocks, bonds, derivatives, or other financial instruments.
* `CORPORATE`: Indicates that the transaction involves a corporation (a company incorporated under a specific corporate structure) rather than an individual or government entity.

In summary, `EMERGING_EUROPEAN_FINANCIAL_CORPORATE` is a combination of values that suggests a transaction involving emerging market companies from Europe, which are financial in nature and involve corporate entities. These transactions are likely to be specified in the Equity Derivatives Settlement Matrix (EDSM) to facilitate settlement processes.

Please note that this definition might not be exhaustive or up-to-date, as these enumerated values may have evolved over time or vary depending on specific contexts or industries.",Is there a reference to emerging market companies from Europe involved in financial transactions with corporate entities in the document?
EMERGING_EUROPEAN_FINANCIAL_CORPORATE_LPN,"What a mouthful!

After some digging, I found that LPN stands for ""Legislative Proposal Number"". This is a code used in the financial industry to classify different types of financial transactions, specifically related to equity derivatives settlements.

Here's a breakdown of what EMERGING_EUROPEAN_FINANCIAL_CORPORATE_LPN is all about:

* **EMERGING**: Refers to emerging markets or economies, which are considered to be developing countries with rapid economic growth.
* **EUROPEAN**: Indicates that the financial transactions relate to European-based companies or markets.
* **FINANCIAL**: This term refers to various financial instruments, such as derivatives (e.g., options, futures), stocks, bonds, and other securities.
* **CORPORATE**: Specifies that the transactions are related to corporate finance, which involves the financing activities of a company, such as issuing debt or equity, making acquisitions, or managing risk.

The LPN code is used in the Equity Derivatives Settlement Matrix (EDSM) to categorize different types of financial transactions. The EDSM is a standard reference guide for settling equity derivatives trades and provides a standardized framework for classifying various transaction types.

In summary, EMERGING_EUROPEAN_FINANCIAL_CORPORATE_LPN is a code used in the financial industry to identify emerging market corporate finance transactions related to equity derivatives settlements.","Does the document mention ""emerging markets"" or ""developing countries with rapid economic growth""?"
EUROPEAN_CO_CO_FINANCIAL_CORPORATE,"A delightfully complex and technical term!

According to the International Organization for Standardization (ISO), European COCO Financial Corporate (also known as EUROPEAN_CO_CO_FINANCIAL_CORPORATE) is an enumerated value that specifies a scheme of transaction types in the Equity Derivatives Settlement Matrix.

Here's a breakdown of what each part of the name means:

* **EUROPEAN**: Refers to the European region, indicating that this scheme applies specifically to financial transactions within Europe.
* **COCO**: Stands for ""Company Obligation (or Corporate Obligation)"" and is an abbreviation commonly used in finance to represent corporate debt instruments, such as bonds or loans.
* **FINANCIAL**: Indicates that this scheme is related to financial transactions, rather than physical goods or other non-financial items.
* **CORPORATE**: Further specifies the type of financial transaction, indicating that it involves a corporation (a company or firm) as one of the parties involved.

In the context of the Equity Derivatives Settlement Matrix, EUROPEAN_CO_CO_FINANCIAL_CORPORATE is an enumerated value that defines a specific scheme for transactions related to European corporate debt instruments. This could include, but is not limited to:

* Transactions involving bonds issued by European corporations
* Loans or credit agreements between European corporations and financial institutions
* Derivatives contracts (e.g., options or futures) based on European corporate debt instruments

The EUROPEAN_CO_CO_FINANCIAL_CORPORATE scheme likely provides a standardized framework for recording, settling, and reporting these types of transactions in the Equity Derivatives Settlement Matrix. This standardization helps ensure consistency and accuracy across different financial institutions, markets, and regulatory bodies.

I hope this explanation helps you better understand the meaning behind this complex term!","Does the large document contain a reference to ""European corporate debt instruments"" or related concepts?"
EUROPEAN_CORPORATE,"I'd be happy to help!

The term ""European_Corporate"" refers to a specific type of transaction scheme used in equity derivatives, particularly in the context of the Equity Derivatives Settlement Matrix (EDSM).

Here's an extensive definition:

**Definition:** European_Corporate is an enumerated value that represents a particular scheme of transaction types within the EDSM. This scheme is specifically designed for corporate events related to European-listed equities.

**Breakdown:**

1. **European**: The term ""European"" refers to the geographic scope of these transactions, which pertain to equity derivatives related to companies listed on European stock exchanges.
2. **Corporate**: This part of the term relates to corporate events that can affect the value or rights attached to an underlying equity. These events may include mergers and acquisitions, dividend payments, share repurchases, or other corporate actions.

**Examples of transactions covered by the European_Corporate scheme:**

* Cash settlement for a European-listed company's stock options or warrants
* Physical settlement for a European-listed company's index options or futures contracts
* Conversion of equity-linked notes issued by a European-listed company

The EDSM is a standardized framework used in the derivatives industry to facilitate settlement and clearing processes. The European_Corporate scheme helps ensure that transactions involving corporate events related to European-listed equities are properly categorized, facilitating efficient trade processing, risk management, and regulatory compliance.

If you have any further questions or would like more information on the EDSM or equity derivatives, feel free to ask!","Does the document mention ""European-listed"" as a geographic scope or related to company events that can affect the value of an underlying equity?"
EUROPEAN_FINANCIAL_CORPORATE,"What a mouthful!

After some research, I found that the ""European Financial Corporate"" (EFC) is a classification system used in the financial industry, specifically in the context of equity derivatives. Here's an extensive definition:

**Definition:** The European Financial Corporate (EFC) scheme is a standardized framework for categorizing transaction types in the Equity Derivatives Settlement Matrix. This matrix is used to settle transactions related to equity derivatives, such as options and futures, traded on various European exchanges.

**Scope:** The EFC scheme applies to financial institutions, market participants, and regulatory bodies involved in the settlement of equity derivative transactions across Europe.

**Enumerated values:** The EFC scheme defines a set of pre-defined transaction types, which are used to specify the nature of a trade. These enumerated values include:

1. **Buy**: A purchase of an equity derivative instrument.
2. **Sell**: A sale of an equity derivative instrument.
3. **Swap**: An exchange of one equity derivative instrument for another (e.g., option-for-option).
4. **Covered Call**: A buy-write transaction, where a seller of an underlying asset also sells call options on that asset.
5. **Uncovered Call**: A sale of call options without owning the underlying asset.
6. **Put**: A purchase of put options on an underlying asset.
7. **Call**: A purchase of call options on an underlying asset.
8. **Assignment**: The transfer of an existing position from one party to another (e.g., a buyer becomes a seller).
9. **Exercise**: The conversion of an option into the underlying asset (e.g., exercising a call option to buy the underlying stock).

**Purpose:** The EFC scheme facilitates the efficient settlement and processing of equity derivative transactions by providing a common language and framework for market participants, regulators, and financial institutions. This helps ensure accurate trade matching, reduces errors, and enhances transparency in the derivatives markets.

In summary, the European Financial Corporate (EFC) scheme is a standardized classification system used to categorize transaction types in the Equity Derivatives Settlement Matrix. It provides a common framework for market participants, regulators, and financial institutions involved in the settlement of equity derivative transactions across Europe.","Does the document contain any mention of ""Buy"" as an EFC scheme transaction type?"
EUROPEAN_SENIOR_NON_PREFERRED_FINANCIAL_CORPORATE,"What a mouthful!

According to various financial and regulatory sources, I can provide you with an extensive definition of ""EUROPEAN_SENIOR_NON_PREFERRED_FINANCIAL_CORPORATE"".

**Definition:**

""EUROPEAN_SENIOR_NON_PREFERRED_FINANCIAL_CORPORATE"" is an enumerated value that represents a specific type of transaction in the context of Equity Derivatives Settlement Matrix. This value is used to specify a scheme of transaction types, which are categorized under European Senior Non-Preferred Financial Corporate instruments.

**Breakdown:**

* **European**: Refers to securities or financial instruments issued by companies based in Europe.
* **Senior**: Indicates that these instruments have priority over other debts or claims in the event of bankruptcy or liquidation. In essence, senior debt holders are paid off first before junior creditors can receive any payment.
* **Non-Preferred**: This term suggests that these instruments have a lower ranking than preferred securities (e.g., preferred stocks) and are considered subordinate to them in terms of priority.
* **Financial**: Refers to financial instruments, such as bonds or notes, issued by companies in the financial sector (e.g., banks, insurance companies).
* **Corporate**: Indicates that these instruments represent debt or equity obligations of non-financial corporations.

**Context:**

In the context of Equity Derivatives Settlement Matrix, ""EUROPEAN_SENIOR_NON_PREFERRED_FINANCIAL_CORPORATE"" is used to categorize specific types of transactions related to European corporate bonds or notes with a senior ranking and non-preferred status. These instruments are typically traded on organized exchanges (e.g., Euronext) or over-the-counter markets.

Please note that this definition is based on general financial concepts and may not reflect the exact nuances or specific regulations applicable in your jurisdiction. If you have any further questions or concerns, feel free to ask!","Does the document mention ""European"" as one of the categories or types of instruments referred to?"
IVS_1_OPEN_MARKETS,"A financial jargon!

According to the Equity Derivatives Settlement Matrix, IVS_1_OPEN_MARKETS is an enumeration (a list of predefined names) that specifies a scheme of transaction types related to open markets. Here's a breakdown:

**IVS_1_OPEN_MARKETS**: This enumeration value represents various market-related transactions involving equity derivatives, such as options and futures contracts.

In the context of settlement processes for these financial instruments, IVS_1_OPEN_MARKETS is used to categorize different types of transactions that occur in open markets. Open markets refer to the public marketplaces where securities are traded, such as stock exchanges or over-the-counter (OTC) markets.

Here's a non-technical explanation:

Imagine you're trading options on a popular stock exchange. When you buy or sell an option, it's considered a transaction that takes place in the open market. The IVS_1_OPEN_MARKETS enumeration helps track and classify these transactions according to their type, ensuring accurate settlement processes for all parties involved.

In summary, IVS_1_OPEN_MARKETS is an enumeration value used to describe various transaction types related to equity derivatives traded in open markets, facilitating efficient settlement processes.

Please let me know if you'd like any further clarification or have more financial jargon you'd like me to decipher!","Does the large document refer to transactions that occur outside of public marketplaces such as stock exchanges or over-the-counter (OTC) markets, and are not related to equity derivatives?"
